Workbook

Sheet Istruzioni  Dashboard
A2: I pulsanti operativi (ordina, stampa, reset, ...) sono tutti funzionanti.
A3: I pulsanti relativi agli alunni sono sempre funzionanti per Mario Rossi (usato come test) mentre per gli altri sono in fase di attivazione (si tratta solo di ripetere le operazioni fatte per Mario)

Sheet Ordine Mensa
A1: ORDINE PASTI MENSILE | C1: Modulo Fornitore | H1: Mese | I1: Anno | K1: Note per il Fornitore:
H2: Dicembre | I2: 2024 | K2: Specificare eventuali intolleranze o variazioni del menù concordato.
E3: =TODAY() -> 46275 | F3: Email Fornitore | H3: Invia a mese (1 per inviare) | I3: Totale mese
A4: =Alunni!A1 -> YEP! | D4: Numero Pasti Totali Richiesti | F4: gianpiero.torrisi@gmail.com | H4: 1 | I4: 0
F5: 095 ########
F6: 340 ########
B8: =Alunni!B1 -> Nome | C8: =Alunni!C1 -> Cognome | D8: =Alunni!G1 -> Utilizza Biglietto mensa cliccando sul pulsante | E8: =Alunni!H1 -> Totale biglietti utilizzati | F8: Situazione | G8: Note
A9: Riga test | B9: =Alunni!B2 -> Mario | C9: =Alunni!C2 -> Rossi | E9: 2 | F9: =Alunni!J2 -> Inviare Avviso | G9: =if(Alunni!I2=0, "Esauriti", "-") -> -
B10: =Alunni!B3 -> Bianca | C10: =Alunni!C3 -> Bianchi | E10: 0 | F10: =Alunni!J3 -> Sufficienti | G10: =if(Alunni!I3=0, "Esauriti", "-") -> -
B11: =Alunni!B4 -> Ciccio | C11: Pasticcio | E11: 0 | F11: =Alunni!J4 -> Sufficienti | G11: =if(Alunni!I4=0, "Esauriti", "-") -> -
D39: Invia a mese | E39: 1

Sheet Alunni
A1: YEP! | B1: Nome | C1: Cognome | D1: Data di nascita | E1: ID | F1: Biglietti acquistati | G1: Utilizza Biglietto mensa cliccando sul pulsante | H1: Totale biglietti utilizzati | I1: Totale biglietti rimanenti | J1: Status biglietti | K1: email notifica | L1: Avvisa manualmente/ Cancella Avviso | N1: Note | O1: Documenti/Bonifici eseguiti | P1: Check avviso
B2: Mario | C2: Rossi | D2: 42558 | E2: 6524939 | F2: 30 | H2: 27 | I2: =F2-H2 -> 3 | J2: =IF(I2>M$2, "Sufficienti", "Inviare Avviso") -> Inviare Avviso | K2: gianpiero.torrisi@gmail.com | L2: Inviato | M2: 5 | N2: Allergia a Licis | O2: https://drive.google.com/file/d/1Rd-ec4uSYa7zi4Z78IhNjBkKowyotckn/view?usp=drive_link | P2: =if(L2="Inviato", 1, 0) -> 1
B3: Bianca | C3: Bianchi | D3: 41672 | E3: 3848055 | F3: 59 | H3: 53 | I3: =F3-H3 -> 6 | J3: =IF(I3>M$2, "Sufficienti", "Avviso") -> Sufficienti | K3: email@email.com
B4: Ciccio | C4: Pasticcio | D4: 41804 | E4: 5969695 | F4: 80 | H4: 5 | I4: =F4-H4 -> 75 | J4: =IF(I4>M$2, "Sufficienti", "Avviso") -> Sufficienti | K4: email@email.com

Sheet Famiglie
A1: =Alunni!E1 -> ID | B1: =Alunni!F1 -> Biglietti acquistati | C1: =Alunni!H1 -> Totale biglietti utilizzati | D1: =Alunni!I1 -> Totale biglietti rimanenti | E1: =Alunni!J1 -> Status biglietti | F1: Email Notifica | G1: Status Avviso
A2: =Alunni!E3 -> 3848055 | B2: =Alunni!F3 -> 59 | C2: =Alunni!H3 -> 53 | D2: =Alunni!I3 -> 6 | E2: =Alunni!J3 -> Sufficienti | F2: =Alunni!K3 -> email@email.com | G2: =Alunni!L3
A3: =Alunni!E2 -> 6524939 | B3: =Alunni!F2 -> 30 | C3: =Alunni!H2 -> 27 | D3: =Alunni!I2 -> 3 | E3: =Alunni!J2 -> Inviare Avviso | F3: =Alunni!K2 -> gianpiero.torrisi@gmail.com | G3: =Alunni!L2 -> Inviato
A4: =Alunni!E4 -> 5969695 | B4: =Alunni!F4 -> 80 | C4: =Alunni!H4 -> 5 | D4: =Alunni!I4 -> 75 | E4: =Alunni!J4 -> Sufficienti | F4: =Alunni!K4 -> email@email.com | G4: =Alunni!L4

Sheet Impostazioni
A1: Parametro | B1: Valore
A2: Soglia Minima | B2: 5
A3: Test Mode | B3: ON
A4: Email Test | B4: faroclaudio@gmail.com
A5: Oggetto Email Avviso | B5: Credito Mensa in esaurimento
A6: Testo Email | B6: Attenzione: il conto mensa ha raggiunto la soglia minima di [BIGLIETTI] buoni. Si prega di ricaricare l'IBAN XXX
A7: Testo Email Buono Usato | B7: Sul conto mensa con ID [ID] è stato utilizzato un buono pasto. Rimangono [RIMANENTI] biglietti.
A8: Testo Email Ordine Fornitore | B8: Si prega di procedere con numero [PASTI] pasti da fornire in data odierna.
