Workbook

Sheet Dashboard
A1: 🍔 GESTIONE MENSA SCOLASTICA
A5: Alunni Totali | C5: Sotto Soglia | E5: Avvisi Inviati (mese) | G5: Buoni Usati (totale)
A6: =COUNTA(Alunni!B:B)-1 -> 5 | C6: =COUNTIF(Alunni!I:I,"<="&Impostazioni!B1) -> 2 | E6: =COUNTIF(Famiglie!G:G,"Inviato*") -> 1 | G6: =SUM('Log Utilizzi'!C:C) -> 91
A9: 🔴 Alunni che necessitano ricarica urgente
A10: =IFERROR(__xludf.DUMMYFUNCTION("QUERY(Alunni!B:J,""SELECT B,C,I,J WHERE I <= "" & Impostazioni!$B$1 & "" AND I is not null AND B <> 'Nome'"",1)"),"Nome") -> Nome | B10: =IFERROR(__xludf.DUMMYFUNCTION("""COMPUTED_VALUE"""),"Cognome") -> Cognome | C10: =IFERROR(__xludf.DUMMYFUNCTION("""COMPUTED_VALUE"""),"Totale biglietti rimanenti ") -> Totale biglietti rimanenti | D10: =IFERROR(__xludf.DUMMYFUNCTION("""COMPUTED_VALUE"""),"Status biglietti ") -> Status biglietti
A11: =IFERROR(__xludf.DUMMYFUNCTION("""COMPUTED_VALUE"""),"Mario") -> Mario | B11: =IFERROR(__xludf.DUMMYFUNCTION("""COMPUTED_VALUE"""),"Rossi") -> Rossi | C11: =IFERROR(__xludf.DUMMYFUNCTION("""COMPUTED_VALUE"""),3.0) -> 3 | D11: =IFERROR(__xludf.DUMMYFUNCTION("""COMPUTED_VALUE"""),"Inviare Avviso") -> Inviare Avviso
A12: =IFERROR(__xludf.DUMMYFUNCTION("""COMPUTED_VALUE"""),"Pinco") -> Pinco | B12: =IFERROR(__xludf.DUMMYFUNCTION("""COMPUTED_VALUE"""),"Pallo") -> Pallo | C12: =IFERROR(__xludf.DUMMYFUNCTION("""COMPUTED_VALUE"""),4.0) -> 4 | D12: =IFERROR(__xludf.DUMMYFUNCTION("""COMPUTED_VALUE"""),"Inviare Avviso") -> Inviare Avviso
A16: Ultimo aggiornamento: | B16: =TEXT(NOW(),"dd/mm/yyyy hh:mm") -> 11/09/2026 09:14

Sheet Alunni
A1: YEP! | B1: Nome | C1: Cognome | D1: Data di nascita | E1: ID | F1: Biglietti acquistati | G1: Utilizza Biglietto mensa cliccando sul pulsante | H1: Totale biglietti utilizzati | I1: Totale biglietti rimanenti | J1: Status biglietti | K1: email notifica | L1: Avvisa manualmente/ Cancella Avviso | N1: Note | O1: Documenti/Bonifici eseguiti | P1: Check avviso
B2: Mario | C2: Rossi | D2: 42558 | E2: 6524939 | F2: =IFERROR(SUMIF('Log Ricariche'!$B:$B,E2,'Log Ricariche'!$C:$C),0) -> 30 | H2: =IFERROR(SUMIF('Log Utilizzi'!$B:$B,E2,'Log Utilizzi'!$C:$C),0) -> 27 | I2: =F2-H2 -> 3 | J2: =IF(I2<=Impostazioni!$B$1, "Inviare Avviso", "Sufficienti") -> Inviare Avviso | K2: gianpiero.torrisi@gmail.com | L2: Inviato | M2: 5 | N2: Allergia a Licis | O2: https://drive.google.com/file/d/1Rd-ec4uSYa7zi4Z78IhNjBkKowyotckn/view?usp=drive_link | P2: =IF(L2="Inviato", 1, 0) -> 1
B3: Bianca | C3: Bianchi | D3: 41672 | E3: 3848055 | F3: =IFERROR(SUMIF('Log Ricariche'!$B:$B,E3,'Log Ricariche'!$C:$C),0) -> 59 | H3: =IFERROR(SUMIF('Log Utilizzi'!$B:$B,E3,'Log Utilizzi'!$C:$C),0) -> 53 | I3: =F3-H3 -> 6 | J3: =IF(I3<=Impostazioni!$B$1, "Inviare Avviso", "Sufficienti") -> Sufficienti | K3: email@email.com | P3: =IF(L3="Inviato", 1, 0) -> 0
B4: Ciccio | C4: Pasticcio | D4: 41804 | E4: 5969695 | F4: =IFERROR(SUMIF('Log Ricariche'!$B:$B,E4,'Log Ricariche'!$C:$C),0) -> 80 | H4: =IFERROR(SUMIF('Log Utilizzi'!$B:$B,E4,'Log Utilizzi'!$C:$C),0) -> 5 | I4: =F4-H4 -> 75 | J4: =IF(I4<=Impostazioni!$B$1, "Inviare Avviso", "Sufficienti") -> Sufficienti | K4: email@email.com | P4: =IF(L4="Inviato", 1, 0) -> 0
B5: Pinco | C5: Pallo | E5: 1654165 | F5: =IFERROR(SUMIF('Log Ricariche'!$B:$B,E5,'Log Ricariche'!$C:$C),0) -> 10 | H5: =IFERROR(SUMIF('Log Utilizzi'!$B:$B,E5,'Log Utilizzi'!$C:$C),0) -> 6 | I5: =F5-H5 -> 4 | J5: =IF(I5<=Impostazioni!$B$1, "Inviare Avviso", "Sufficienti") -> Inviare Avviso | K5: faroclaudio@gmail.com | P5: =IF(L5="Inviato", 1, 0) -> 0
B6: tizio | C6: caio | D6: 36892 | E6: 6524940 | F6: =IF(E6="","",IFERROR(SUMIF('Log Ricariche'!$B:$B,E6,'Log Ricariche'!$C:$C),0)) -> 10 | H6: =IF(E6="","",IFERROR(SUMIF('Log Utilizzi'!$B:$B,E6,'Log Utilizzi'!$C:$C),0)) -> 0 | I6: =IF(E6="","",F6-H6) -> 10 | J6: =IF(E6="","",IF(I6<=Impostazioni!$B$1,"Inviare Avviso","Sufficienti")) -> Sufficienti | K6: faroclaudio@gmail.com | N6: nessuna | O6: TTR-22-001 | P6: =IF(E6="","",IF(L6="Inviato",1,0)) -> 0
F7: =IF(E7="","",IFERROR(SUMIF('Log Ricariche'!$B:$B,E7,'Log Ricariche'!$C:$C),0)) | H7: =IF(E7="","",IFERROR(SUMIF('Log Utilizzi'!$B:$B,E7,'Log Utilizzi'!$C:$C),0)) | I7: =IF(E7="","",F7-H7) | J7: =IF(E7="","",IF(I7<=Impostazioni!$B$1,"Inviare Avviso","Sufficienti")) | P7: =IF(E7="","",IF(L7="Inviato",1,0))
F8: =IF(E8="","",IFERROR(SUMIF('Log Ricariche'!$B:$B,E8,'Log Ricariche'!$C:$C),0)) | H8: =IF(E8="","",IFERROR(SUMIF('Log Utilizzi'!$B:$B,E8,'Log Utilizzi'!$C:$C),0)) | I8: =IF(E8="","",F8-H8) | J8: =IF(E8="","",IF(I8<=Impostazioni!$B$1,"Inviare Avviso","Sufficienti")) | P8: =IF(E8="","",IF(L8="Inviato",1,0))
F9: =IF(E9="","",IFERROR(SUMIF('Log Ricariche'!$B:$B,E9,'Log Ricariche'!$C:$C),0)) | H9: =IF(E9="","",IFERROR(SUMIF('Log Utilizzi'!$B:$B,E9,'Log Utilizzi'!$C:$C),0)) | I9: =IF(E9="","",F9-H9) | J9: =IF(E9="","",IF(I9<=Impostazioni!$B$1,"Inviare Avviso","Sufficienti")) | P9: =IF(E9="","",IF(L9="Inviato",1,0))
F10: =IF(E10="","",IFERROR(SUMIF('Log Ricariche'!$B:$B,E10,'Log Ricariche'!$C:$C),0)) | H10: =IF(E10="","",IFERROR(SUMIF('Log Utilizzi'!$B:$B,E10,'Log Utilizzi'!$C:$C),0)) | I10: =IF(E10="","",F10-H10) | J10: =IF(E10="","",IF(I10<=Impostazioni!$B$1,"Inviare Avviso","Sufficienti")) | P10: =IF(E10="","",IF(L10="Inviato",1,0))
F11: =IF(E11="","",IFERROR(SUMIF('Log Ricariche'!$B:$B,E11,'Log Ricariche'!$C:$C),0)) | H11: =IF(E11="","",IFERROR(SUMIF('Log Utilizzi'!$B:$B,E11,'Log Utilizzi'!$C:$C),0)) | I11: =IF(E11="","",F11-H11) | J11: =IF(E11="","",IF(I11<=Impostazioni!$B$1,"Inviare Avviso","Sufficienti")) | P11: =IF(E11="","",IF(L11="Inviato",1,0))
F12: =IF(E12="","",IFERROR(SUMIF('Log Ricariche'!$B:$B,E12,'Log Ricariche'!$C:$C),0)) | H12: =IF(E12="","",IFERROR(SUMIF('Log Utilizzi'!$B:$B,E12,'Log Utilizzi'!$C:$C),0)) | I12: =IF(E12="","",F12-H12) | J12: =IF(E12="","",IF(I12<=Impostazioni!$B$1,"Inviare Avviso","Sufficienti")) | P12: =IF(E12="","",IF(L12="Inviato",1,0))
F13: =IF(E13="","",IFERROR(SUMIF('Log Ricariche'!$B:$B,E13,'Log Ricariche'!$C:$C),0)) | H13: =IF(E13="","",IFERROR(SUMIF('Log Utilizzi'!$B:$B,E13,'Log Utilizzi'!$C:$C),0)) | I13: =IF(E13="","",F13-H13) | J13: =IF(E13="","",IF(I13<=Impostazioni!$B$1,"Inviare Avviso","Sufficienti")) | P13: =IF(E13="","",IF(L13="Inviato",1,0))
F14: =IF(E14="","",IFERROR(SUMIF('Log Ricariche'!$B:$B,E14,'Log Ricariche'!$C:$C),0)) | H14: =IF(E14="","",IFERROR(SUMIF('Log Utilizzi'!$B:$B,E14,'Log Utilizzi'!$C:$C),0)) | I14: =IF(E14="","",F14-H14) | J14: =IF(E14="","",IF(I14<=Impostazioni!$B$1,"Inviare Avviso","Sufficienti")) | P14: =IF(E14="","",IF(L14="Inviato",1,0))
F15: =IF(E15="","",IFERROR(SUMIF('Log Ricariche'!$B:$B,E15,'Log Ricariche'!$C:$C),0)) | H15: =IF(E15="","",IFERROR(SUMIF('Log Utilizzi'!$B:$B,E15,'Log Utilizzi'!$C:$C),0)) | I15: =IF(E15="","",F15-H15) | J15: =IF(E15="","",IF(I15<=Impostazioni!$B$1,"Inviare Avviso","Sufficienti")) | P15: =IF(E15="","",IF(L15="Inviato",1,0))
F16: =IF(E16="","",IFERROR(SUMIF('Log Ricariche'!$B:$B,E16,'Log Ricariche'!$C:$C),0)) | H16: =IF(E16="","",IFERROR(SUMIF('Log Utilizzi'!$B:$B,E16,'Log Utilizzi'!$C:$C),0)) | I16: =IF(E16="","",F16-H16) | J16: =IF(E16="","",IF(I16<=Impostazioni!$B$1,"Inviare Avviso","Sufficienti")) | P16: =IF(E16="","",IF(L16="Inviato",1,0))
F17: =IF(E17="","",IFERROR(SUMIF('Log Ricariche'!$B:$B,E17,'Log Ricariche'!$C:$C),0)) | H17: =IF(E17="","",IFERROR(SUMIF('Log Utilizzi'!$B:$B,E17,'Log Utilizzi'!$C:$C),0)) | I17: =IF(E17="","",F17-H17) | J17: =IF(E17="","",IF(I17<=Impostazioni!$B$1,"Inviare Avviso","Sufficienti")) | P17: =IF(E17="","",IF(L17="Inviato",1,0))
F18: =IF(E18="","",IFERROR(SUMIF('Log Ricariche'!$B:$B,E18,'Log Ricariche'!$C:$C),0)) | H18: =IF(E18="","",IFERROR(SUMIF('Log Utilizzi'!$B:$B,E18,'Log Utilizzi'!$C:$C),0)) | I18: =IF(E18="","",F18-H18) | J18: =IF(E18="","",IF(I18<=Impostazioni!$B$1,"Inviare Avviso","Sufficienti")) | P18: =IF(E18="","",IF(L18="Inviato",1,0))
... F50: =IF(E50="","",IFERROR(SUMIF('Log Ricariche'!$B:$B,E50,'Log Ricariche'!$C:$C),0)) | H50: =IF(E50="","",IFERROR(SUMIF('Log Utilizzi'!$B:$B,E50,'Log Utilizzi'!$C:$C),0)) | I50: =IF(E50="","",F50-H50) | J50: =IF(E50="","",IF(I50<=Impostazioni!$B$1,"Inviare Avviso","Sufficienti")) | P50: =IF(E50="","",IF(L50="Inviato",1,0))

Sheet Famiglie
A1: ID | B1: Nome | C1: Cognome | D1: Biglietti acquistati | E1: Totale biglietti utilizzati | F1: Totale biglietti rimanenti | G1: Status Avviso | H1: Email Notifica | I1: Status biglietti
A2: 3848055 | B2: {=IFERROR(VLOOKUP(A2,{Alunni!$E:$E,Alunni!$B:$B},2,0),"N/D")} -> Bianca | C2: {=IFERROR(VLOOKUP(A2,{Alunni!$E:$E,Alunni!$C:$C},2,0),"N/D")} -> Bianchi | D2: =IFERROR(VLOOKUP(A2,Alunni!$E:$F,2,0),0) -> 59 | E2: =IFERROR(VLOOKUP(A2,Alunni!$E:$H,4,0),0) -> 53 | F2: =IF(A2="","",D2-E2) -> 6 | G2: =IFERROR(VLOOKUP(A2,Alunni!$E:$L,8,0),"") | H2: =IFERROR(VLOOKUP(A2,Alunni!$E:$K,7,0),"") -> email@email.com | I2: =IF(F2<=Impostazioni!$B$1, "Inviare Avviso", "Sufficienti") -> Sufficienti
A3: 6524939 | B3: {=IFERROR(VLOOKUP(A3,{Alunni!$E:$E,Alunni!$B:$B},2,0),"N/D")} -> Mario | C3: {=IFERROR(VLOOKUP(A3,{Alunni!$E:$E,Alunni!$C:$C},2,0),"N/D")} -> Rossi | D3: =IFERROR(VLOOKUP(A3,Alunni!$E:$F,2,0),0) -> 30 | E3: =IFERROR(VLOOKUP(A3,Alunni!$E:$H,4,0),0) -> 27 | F3: =IF(A3="","",D3-E3) -> 3 | G3: =IFERROR(VLOOKUP(A3,Alunni!$E:$L,8,0),"") -> Inviato | H3: =IFERROR(VLOOKUP(A3,Alunni!$E:$K,7,0),"") -> gianpiero.torrisi@gmail.com | I3: =IF(F3<=Impostazioni!$B$1, "Inviare Avviso", "Sufficienti") -> Inviare Avviso
A4: 5969695 | B4: {=IFERROR(VLOOKUP(A4,{Alunni!$E:$E,Alunni!$B:$B},2,0),"N/D")} -> Ciccio | C4: {=IFERROR(VLOOKUP(A4,{Alunni!$E:$E,Alunni!$C:$C},2,0),"N/D")} -> Pasticcio | D4: =IFERROR(VLOOKUP(A4,Alunni!$E:$F,2,0),0) -> 80 | E4: =IFERROR(VLOOKUP(A4,Alunni!$E:$H,4,0),0) -> 5 | F4: =IF(A4="","",D4-E4) -> 75 | G4: =IFERROR(VLOOKUP(A4,Alunni!$E:$L,8,0),"") | H4: =IFERROR(VLOOKUP(A4,Alunni!$E:$K,7,0),"") -> email@email.com | I4: =IF(F4<=Impostazioni!$B$1, "Inviare Avviso", "Sufficienti") -> Sufficienti
A5: 1654165 | B5: {=IFERROR(VLOOKUP(A5,{Alunni!$E:$E,Alunni!$B:$B},2,0),"N/D")} -> Pinco | C5: {=IFERROR(VLOOKUP(A5,{Alunni!$E:$E,Alunni!$C:$C},2,0),"N/D")} -> Pallo | D5: =IFERROR(VLOOKUP(A5,Alunni!$E:$F,2,0),0) -> 10 | E5: =IFERROR(VLOOKUP(A5,Alunni!$E:$H,4,0),0) -> 6 | F5: =IF(A5="","",D5-E5) -> 4 | G5: =IFERROR(VLOOKUP(A5,Alunni!$E:$L,8,0),"") | H5: =IFERROR(VLOOKUP(A5,Alunni!$E:$K,7,0),"") -> faroclaudio@gmail.com | I5: =IF(F5<=Impostazioni!$B$1, "Inviare Avviso", "Sufficienti") -> Inviare Avviso
A6: =IF(Alunni!E6="","",Alunni!E6) -> 6524940 | B6: {=IF(A6="","",IFERROR(VLOOKUP(A6,{Alunni!$E:$E,Alunni!$B:$B},2,0),"N/D"))} -> tizio | C6: {=IF(A6="","",IFERROR(VLOOKUP(A6,{Alunni!$E:$E,Alunni!$C:$C},2,0),"N/D"))} -> caio | D6: =IF(A6="","",IFERROR(VLOOKUP(A6,Alunni!$E:$F,2,0),0)) -> 10 | E6: =IF(A6="","",IFERROR(VLOOKUP(A6,Alunni!$E:$H,4,0),0)) -> 0 | F6: =IF(A6="","",D6-E6) -> 10 | G6: =IF(A6="","",IFERROR(VLOOKUP(A6,Alunni!$E:$L,8,0),"")) | H6: =IF(A6="","",IFERROR(VLOOKUP(A6,Alunni!$E:$K,7,0),"")) -> faroclaudio@gmail.com | I6: =IF(A6="","",IF(F6<=Impostazioni!$B$1,"Inviare Avviso","Sufficienti")) -> Sufficienti
A7: =IF(Alunni!E7="","",Alunni!E7) | B7: {=IF(A7="","",IFERROR(VLOOKUP(A7,{Alunni!$E:$E,Alunni!$B:$B},2,0),"N/D"))} | C7: {=IF(A7="","",IFERROR(VLOOKUP(A7,{Alunni!$E:$E,Alunni!$C:$C},2,0),"N/D"))} | D7: =IF(A7="","",IFERROR(VLOOKUP(A7,Alunni!$E:$F,2,0),0)) | E7: =IF(A7="","",IFERROR(VLOOKUP(A7,Alunni!$E:$H,4,0),0)) | F7: =IF(A7="","",D7-E7) | G7: =IF(A7="","",IFERROR(VLOOKUP(A7,Alunni!$E:$L,8,0),"")) | H7: =IF(A7="","",IFERROR(VLOOKUP(A7,Alunni!$E:$K,7,0),"")) | I7: =IF(A7="","",IF(F7<=Impostazioni!$B$1,"Inviare Avviso","Sufficienti"))
A8: =IF(Alunni!E8="","",Alunni!E8) | B8: {=IF(A8="","",IFERROR(VLOOKUP(A8,{Alunni!$E:$E,Alunni!$B:$B},2,0),"N/D"))} | C8: {=IF(A8="","",IFERROR(VLOOKUP(A8,{Alunni!$E:$E,Alunni!$C:$C},2,0),"N/D"))} | D8: =IF(A8="","",IFERROR(VLOOKUP(A8,Alunni!$E:$F,2,0),0)) | E8: =IF(A8="","",IFERROR(VLOOKUP(A8,Alunni!$E:$H,4,0),0)) | F8: =IF(A8="","",D8-E8) | G8: =IF(A8="","",IFERROR(VLOOKUP(A8,Alunni!$E:$L,8,0),"")) | H8: =IF(A8="","",IFERROR(VLOOKUP(A8,Alunni!$E:$K,7,0),"")) | I8: =IF(A8="","",IF(F8<=Impostazioni!$B$1,"Inviare Avviso","Sufficienti"))
A9: =IF(Alunni!E9="","",Alunni!E9) | B9: {=IF(A9="","",IFERROR(VLOOKUP(A9,{Alunni!$E:$E,Alunni!$B:$B},2,0),"N/D"))} | C9: {=IF(A9="","",IFERROR(VLOOKUP(A9,{Alunni!$E:$E,Alunni!$C:$C},2,0),"N/D"))} | D9: =IF(A9="","",IFERROR(VLOOKUP(A9,Alunni!$E:$F,2,0),0)) | E9: =IF(A9="","",IFERROR(VLOOKUP(A9,Alunni!$E:$H,4,0),0)) | F9: =IF(A9="","",D9-E9) | G9: =IF(A9="","",IFERROR(VLOOKUP(A9,Alunni!$E:$L,8,0),"")) | H9: =IF(A9="","",IFERROR(VLOOKUP(A9,Alunni!$E:$K,7,0),"")) | I9: =IF(A9="","",IF(F9<=Impostazioni!$B$1,"Inviare Avviso","Sufficienti"))
A10: =IF(Alunni!E10="","",Alunni!E10) | B10: {=IF(A10="","",IFERROR(VLOOKUP(A10,{Alunni!$E:$E,Alunni!$B:$B},2,0),"N/D"))} | C10: {=IF(A10="","",IFERROR(VLOOKUP(A10,{Alunni!$E:$E,Alunni!$C:$C},2,0),"N/D"))} | D10: =IF(A10="","",IFERROR(VLOOKUP(A10,Alunni!$E:$F,2,0),0)) | E10: =IF(A10="","",IFERROR(VLOOKUP(A10,Alunni!$E:$H,4,0),0)) | F10: =IF(A10="","",D10-E10) | G10: =IF(A10="","",IFERROR(VLOOKUP(A10,Alunni!$E:$L,8,0),"")) | H10: =IF(A10="","",IFERROR(VLOOKUP(A10,Alunni!$E:$K,7,0),"")) | I10: =IF(A10="","",IF(F10<=Impostazioni!$B$1,"Inviare Avviso","Sufficienti"))
A11: =IF(Alunni!E11="","",Alunni!E11) | B11: {=IF(A11="","",IFERROR(VLOOKUP(A11,{Alunni!$E:$E,Alunni!$B:$B},2,0),"N/D"))} | C11: {=IF(A11="","",IFERROR(VLOOKUP(A11,{Alunni!$E:$E,Alunni!$C:$C},2,0),"N/D"))} | D11: =IF(A11="","",IFERROR(VLOOKUP(A11,Alunni!$E:$F,2,0),0)) | E11: =IF(A11="","",IFERROR(VLOOKUP(A11,Alunni!$E:$H,4,0),0)) | F11: =IF(A11="","",D11-E11) | G11: =IF(A11="","",IFERROR(VLOOKUP(A11,Alunni!$E:$L,8,0),"")) | H11: =IF(A11="","",IFERROR(VLOOKUP(A11,Alunni!$E:$K,7,0),"")) | I11: =IF(A11="","",IF(F11<=Impostazioni!$B$1,"Inviare Avviso","Sufficienti"))
A12: =IF(Alunni!E12="","",Alunni!E12) | B12: {=IF(A12="","",IFERROR(VLOOKUP(A12,{Alunni!$E:$E,Alunni!$B:$B},2,0),"N/D"))} | C12: {=IF(A12="","",IFERROR(VLOOKUP(A12,{Alunni!$E:$E,Alunni!$C:$C},2,0),"N/D"))} | D12: =IF(A12="","",IFERROR(VLOOKUP(A12,Alunni!$E:$F,2,0),0)) | E12: =IF(A12="","",IFERROR(VLOOKUP(A12,Alunni!$E:$H,4,0),0)) | F12: =IF(A12="","",D12-E12) | G12: =IF(A12="","",IFERROR(VLOOKUP(A12,Alunni!$E:$L,8,0),"")) | H12: =IF(A12="","",IFERROR(VLOOKUP(A12,Alunni!$E:$K,7,0),"")) | I12: =IF(A12="","",IF(F12<=Impostazioni!$B$1,"Inviare Avviso","Sufficienti"))
A13: =IF(Alunni!E13="","",Alunni!E13) | B13: {=IF(A13="","",IFERROR(VLOOKUP(A13,{Alunni!$E:$E,Alunni!$B:$B},2,0),"N/D"))} | C13: {=IF(A13="","",IFERROR(VLOOKUP(A13,{Alunni!$E:$E,Alunni!$C:$C},2,0),"N/D"))} | D13: =IF(A13="","",IFERROR(VLOOKUP(A13,Alunni!$E:$F,2,0),0)) | E13: =IF(A13="","",IFERROR(VLOOKUP(A13,Alunni!$E:$H,4,0),0)) | F13: =IF(A13="","",D13-E13) | G13: =IF(A13="","",IFERROR(VLOOKUP(A13,Alunni!$E:$L,8,0),"")) | H13: =IF(A13="","",IFERROR(VLOOKUP(A13,Alunni!$E:$K,7,0),"")) | I13: =IF(A13="","",IF(F13<=Impostazioni!$B$1,"Inviare Avviso","Sufficienti"))
A14: =IF(Alunni!E14="","",Alunni!E14) | B14: {=IF(A14="","",IFERROR(VLOOKUP(A14,{Alunni!$E:$E,Alunni!$B:$B},2,0),"N/D"))} | C14: {=IF(A14="","",IFERROR(VLOOKUP(A14,{Alunni!$E:$E,Alunni!$C:$C},2,0),"N/D"))} | D14: =IF(A14="","",IFERROR(VLOOKUP(A14,Alunni!$E:$F,2,0),0)) | E14: =IF(A14="","",IFERROR(VLOOKUP(A14,Alunni!$E:$H,4,0),0)) | F14: =IF(A14="","",D14-E14) | G14: =IF(A14="","",IFERROR(VLOOKUP(A14,Alunni!$E:$L,8,0),"")) | H14: =IF(A14="","",IFERROR(VLOOKUP(A14,Alunni!$E:$K,7,0),"")) | I14: =IF(A14="","",IF(F14<=Impostazioni!$B$1,"Inviare Avviso","Sufficienti"))
A15: =IF(Alunni!E15="","",Alunni!E15) | B15: {=IF(A15="","",IFERROR(VLOOKUP(A15,{Alunni!$E:$E,Alunni!$B:$B},2,0),"N/D"))} | C15: {=IF(A15="","",IFERROR(VLOOKUP(A15,{Alunni!$E:$E,Alunni!$C:$C},2,0),"N/D"))} | D15: =IF(A15="","",IFERROR(VLOOKUP(A15,Alunni!$E:$F,2,0),0)) | E15: =IF(A15="","",IFERROR(VLOOKUP(A15,Alunni!$E:$H,4,0),0)) | F15: =IF(A15="","",D15-E15) | G15: =IF(A15="","",IFERROR(VLOOKUP(A15,Alunni!$E:$L,8,0),"")) | H15: =IF(A15="","",IFERROR(VLOOKUP(A15,Alunni!$E:$K,7,0),"")) | I15: =IF(A15="","",IF(F15<=Impostazioni!$B$1,"Inviare Avviso","Sufficienti"))
A16: =IF(Alunni!E16="","",Alunni!E16) | B16: {=IF(A16="","",IFERROR(VLOOKUP(A16,{Alunni!$E:$E,Alunni!$B:$B},2,0),"N/D"))} | C16: {=IF(A16="","",IFERROR(VLOOKUP(A16,{Alunni!$E:$E,Alunni!$C:$C},2,0),"N/D"))} | D16: =IF(A16="","",IFERROR(VLOOKUP(A16,Alunni!$E:$F,2,0),0)) | E16: =IF(A16="","",IFERROR(VLOOKUP(A16,Alunni!$E:$H,4,0),0)) | F16: =IF(A16="","",D16-E16) | G16: =IF(A16="","",IFERROR(VLOOKUP(A16,Alunni!$E:$L,8,0),"")) | H16: =IF(A16="","",IFERROR(VLOOKUP(A16,Alunni!$E:$K,7,0),"")) | I16: =IF(A16="","",IF(F16<=Impostazioni!$B$1,"Inviare Avviso","Sufficienti"))
A17: =IF(Alunni!E17="","",Alunni!E17) | B17: {=IF(A17="","",IFERROR(VLOOKUP(A17,{Alunni!$E:$E,Alunni!$B:$B},2,0),"N/D"))} | C17: {=IF(A17="","",IFERROR(VLOOKUP(A17,{Alunni!$E:$E,Alunni!$C:$C},2,0),"N/D"))} | D17: =IF(A17="","",IFERROR(VLOOKUP(A17,Alunni!$E:$F,2,0),0)) | E17: =IF(A17="","",IFERROR(VLOOKUP(A17,Alunni!$E:$H,4,0),0)) | F17: =IF(A17="","",D17-E17) | G17: =IF(A17="","",IFERROR(VLOOKUP(A17,Alunni!$E:$L,8,0),"")) | H17: =IF(A17="","",IFERROR(VLOOKUP(A17,Alunni!$E:$K,7,0),"")) | I17: =IF(A17="","",IF(F17<=Impostazioni!$B$1,"Inviare Avviso","Sufficienti"))
... A50: =IF(Alunni!E50="","",Alunni!E50) | B50: {=IF(A50="","",IFERROR(VLOOKUP(A50,{Alunni!$E:$E,Alunni!$B:$B},2,0),"N/D"))} | C50: {=IF(A50="","",IFERROR(VLOOKUP(A50,{Alunni!$E:$E,Alunni!$C:$C},2,0),"N/D"))} | D50: =IF(A50="","",IFERROR(VLOOKUP(A50,Alunni!$E:$F,2,0),0)) | E50: =IF(A50="","",IFERROR(VLOOKUP(A50,Alunni!$E:$H,4,0),0)) | F50: =IF(A50="","",D50-E50) | G50: =IF(A50="","",IFERROR(VLOOKUP(A50,Alunni!$E:$L,8,0),"")) | H50: =IF(A50="","",IFERROR(VLOOKUP(A50,Alunni!$E:$K,7,0),"")) | I50: =IF(A50="","",IF(F50<=Impostazioni!$B$1,"Inviare Avviso","Sufficienti"))

Sheet Log Ricariche
A1: Data Ricarica | B1: ID Alunno | C1: Importo (biglietti) | D1: Nome | E1: Cognome | F1: Riferimento Bonifico | G1: Link Documento Drive | H1: Operatore
A2: 46266 | B2: 6524939 | C2: 30 | D2: {=IFERROR(VLOOKUP(B2,{Alunni!$E:$E,Alunni!$B:$B},2,0),"")} -> Mario | E2: {=IFERROR(VLOOKUP(B2,{Alunni!$E:$E,Alunni!$C:$C},2,0),"")} -> Rossi | F2: BON-2026-001 | G2: https://drive.google.com/file/d/1Rd-ec4uSYa7zi4Z78IhNjBkKowyotckn/view?usp=drive_link | H2: Admin
A3: 46266 | B3: 3848055 | C3: 59 | D3: {=IFERROR(VLOOKUP(B3,{Alunni!$E:$E,Alunni!$B:$B},2,0),"")} -> Bianca | E3: {=IFERROR(VLOOKUP(B3,{Alunni!$E:$E,Alunni!$C:$C},2,0),"")} -> Bianchi | F3: BON-2026-002 | H3: Admin
A4: 46267 | B4: 5969695 | C4: 80 | D4: {=IFERROR(VLOOKUP(B4,{Alunni!$E:$E,Alunni!$B:$B},2,0),"")} -> Ciccio | E4: {=IFERROR(VLOOKUP(B4,{Alunni!$E:$E,Alunni!$C:$C},2,0),"")} -> Pasticcio | F4: BON-2026-003 | H4: Admin
B5: 1654165 | C5: 10 | D5: {=IFERROR(VLOOKUP(B5,{Alunni!$E:$E,Alunni!$B:$B},2,0),"")} -> Pinco | E5: {=IFERROR(VLOOKUP(B5,{Alunni!$E:$E,Alunni!$C:$C},2,0),"")} -> Pallo | F5: BON-2026-004 | H5: Admin
A6: 46276.364 | B6: 6524940 | C6: 10 | D6: tizio | E6: caio | F6: TTR-22-001 | G6: - | H6: Inserimento Iniziale

Sheet Log Utilizzi
A1: Data Utilizzo | B1: ID Alunno | C1: Buoni Usati (numero) | D1: Nome | E1: Cognome | F1: Classe/Sezione | G1: Note
A2: 46270 | B2: 6524939 | C2: 27 | D2: {=IFERROR(VLOOKUP(B2,{Alunni!$E:$E,Alunni!$B:$B},2,0),"")} -> Mario | E2: {=IFERROR(VLOOKUP(B2,{Alunni!$E:$E,Alunni!$C:$C},2,0),"")} -> Rossi | F2: 1A | G2: Consumati a inizio anno
A3: 46270 | B3: 3848055 | C3: 53 | D3: {=IFERROR(VLOOKUP(B3,{Alunni!$E:$E,Alunni!$B:$B},2,0),"")} -> Bianca | E3: {=IFERROR(VLOOKUP(B3,{Alunni!$E:$E,Alunni!$C:$C},2,0),"")} -> Bianchi | F3: 2B | G3: Consumati a inizio anno
A4: 46270 | B4: 5969695 | C4: 5 | D4: {=IFERROR(VLOOKUP(B4,{Alunni!$E:$E,Alunni!$B:$B},2,0),"")} -> Ciccio | E4: {=IFERROR(VLOOKUP(B4,{Alunni!$E:$E,Alunni!$C:$C},2,0),"")} -> Pasticcio | F4: 3A | G4: Consumati a inizio anno
A5: 46270 | B5: 1654165 | C5: 6 | D5: {=IFERROR(VLOOKUP(B5,{Alunni!$E:$E,Alunni!$B:$B},2,0),"")} -> Pinco | E5: {=IFERROR(VLOOKUP(B5,{Alunni!$E:$E,Alunni!$C:$C},2,0),"")} -> Pallo | F5: 1B | G5: Consumati a inizio anno

Sheet Ordine Mensa
A1: 🍽️ Mensa Scolastica
B2: ORDINE PASTI MENSILE
A5: Mese di Riferimento: | B5: Settembre
A6: Anno: | B6: 2026
A7: Numero Pasti Richiesti: | B7: =SUM('Log Utilizzi'!C:C) -> 91
A8: Email Fornitore: | B8: =Impostazioni!B8 -> gianpiero.torrisi@gmail.com
A9: Data Invio Ordine:
A10: Stato Ordine: | B10: In attesa
A12: Note aggiuntive per il fornitore: | B12: Menu privo di allergeni per gli studenti con intolleranze registrate.

Sheet Impostazioni
A1: Soglia Minima | B1: 5
A2: Test Mode | B2: ON
A3: Email Test | B3: faroclaudio@gmail.com
A4: Oggetto Email Avviso | B4: Avviso: Credito Mensa in esaurimento
A5: Testo Email Avviso | B5: Attenzione: il conto mensa con ID [ID] - [NOME] [COGNOME] ha raggiunto la soglia minima di [BIGLIETTI] buoni. Si prega di ricaricare indicando l'IBAN. Cordiali Saluti.
A6: Testo Email Buono Usato | B6: Sul conto mensa con ID [ID] - [NOME] [COGNOME] è stato utilizzato un buono pasto. Rimangono [RIMANENTI] biglietti.
A7: Testo Email Ordine Fornitore | B7: Si prega di procedere con numero [PASTI] pasti da fornire per il mese di [MESE] [ANNO]. Cordiali Saluti.
A8: Email Fornitore | B8: gianpiero.torrisi@gmail.com
A9: ID Storico Base (Registro Massimo) | B9: 6524940
A10: Prossimo ID Univoco Garantito | B10: =MAX(B9, IFERROR(MAX(Alunni!$E$2:$E100), 0), IFERROR(MAX(Famiglie!$A$2:$A100), 0)) + 1 -> 6524941

Sheet Guida
B2: 📘 MANUALE OPERATIVO & GUIDA UTENTE - GESTIONALE MENSA SCOLASTICA
B3: Documentazione istituzionale ad uso di segreteria, docenti referenti e operatori mensa • Ultimo aggiornamento: Settembre 2026
B5: 1. ARCHITETTURA DEL SISTEMA E FLUSSO DATI
B6: Fase del Flusso Operativo | C6: Schede Coinvolte | D6: Cosa Avviene nel Sistema | E6: Istruzioni per l'Operatore | F6: Controlli & Note
B7: 1. Censimento & Anagrafica | C7: Alunni | D7: Registrazione dei dati personali dell'alunno, ID univoco, data di nascita e indirizzo email del genitore per le comunicazioni. | E7: Inserire una nuova riga in 'Alunni' completando Nome, Cognome, Data Nascita, ID univoco ed Email notifica. | F7: L'ID Alunno è la chiave primaria: deve essere univoco per ciascun iscritto.
B8: 2. Accredito Ricariche Buoni | C8: Log Ricariche ➔ Alunni | D8: Ogni ricarica versata dalle famiglie (bonifico/ricevuta) viene registrata nel log e alimenta automaticamente i crediti. | E8: Inserire in 'Log Ricariche' Data, ID Alunno, numero biglietti acquistati, CRO/riferimento bonifico e link alla ricevuta Drive. | F8: Non modificare a mano i 'Biglietti Acquistati' in 'Alunni': il saldo si calcola da solo.
B9: 3. Registrazione Presenze & Pasti | C9: Alunni ➔ Log Utilizzi | D9: Ogni pasto consumato al refettorio decurta il credito residuo dell'alunno e crea una riga storica nei consumi. | E9: Cliccare sul pulsante interattivo 'Utilizza Biglietto mensa' in 'Alunni' (oppure inserire riga in 'Log Utilizzi'). | F9: Il campo 'Totale biglietti rimanenti' decresce istantaneamente di 1 buono per ogni pasto.
B10: 4. Monitoraggio & Allerte Saldo | C10: Dashboard ➔ Alunni ➔ Famiglie | D10: Il sistema confronta i biglietti rimanenti con la Soglia Minima (foglio Impostazioni). Se sotto soglia, scatta lo stato di allerta. | E10: Consultare la 'Dashboard' per i nominativi urgenti. In 'Alunni', premere 'Avvisa manualmente' per inviare l'email di sollecito. | F10: Se Test Mode è 'ON', l'email viene inviata alla casella di test e non ai genitori.
B11: 5. Ordine Fornitura al Catering | C11: Ordine Mensa ➔ Fornitore | D11: Pianificazione mensile dei pasti necessari, consolidamento fabbisogno, diete speciali e trasmissione formale via email. | E11: Impostare mese e anno in 'Ordine Mensa', verificare numero pasti richiesti, inserire note dietetiche e inviare l'ordine. | F11: L'email viene generata automaticamente a partire dal modello definito in 'Impostazioni'.
B13: 2. GUIDA OPERATIVA MODULO PER MODULO (COSA È POSSIBILE FARE E COME)
B14: Modulo / Scheda | C14: Ruolo & Finalità | D14: Cosa è possibile fare | E14: Come procedere (Passo-passo) | F14: Buone Pratiche & Regole
B15: 📊 Dashboard | C15: Cruscotto di controllo direzionale e monitoraggio KPI in tempo reale | D15: • Visionare il totale alunni iscritti al servizio • Monitorare gli studenti con saldo sotto la soglia minima • Controllare il volume di avvisi sollecito inviati nel mese • Consultare il totale storico dei buoni mensa utilizzati • Esaminare l'elenco degli alunni con ricarica urgente | E15: 1. Aprire la scheda ogni mattina per una panoramica immediata dello stato mensa. 2. Verificare i 4 indicatori sintetici in riga 5. 3. Controllare la sezione 'Alunni che necessitano ricarica urgente' per individuare chi deve ricaricare prima del pranzo. | F15: ⚠️ Scheda totalmente automatica: non digitare o incollare dati manualmente per evitare di sovrascrivere i collegamenti e le formule.
B16: 👥 Alunni | C16: Anagrafica centrale, gestione crediti individuali e azioni operative | D16: • Censire nuovi studenti con dati anagrafici e ID univoco • Consultare i biglietti acquistati, utilizzati e rimanenti per ciascun alunno • Scalare il buono pasto giornaliero con il pulsante dedicato • Verificare lo 'Status biglietti' ('Sufficienti' o 'Inviare Avviso') • Inviare avviso manuale di ricarica via email alla famiglia • Annotare diete sanitarie/religiose e archiviare link ricevute | E16: 1. NUOVO ISCRITTO: Aggiungere una riga inserendo Nome, Cognome, Data nascita, ID ed Email genitore. 2. CONSUMO PASTO: Cliccare sul pulsante 'Utilizza Biglietto mensa' in corrispondenza dell'alunno. 3. SOLLECITO: Se lo Status è 'Inviare Avviso', cliccare su 'Avvisa manualmente' per recapitare l'email predisposta. 4. DIETE & NOTE: Compilare la colonna Note (es. allergie, celiachia) e inserire in Col N il link alla contabile. | F16: 💡 Le colonne Biglietti acquistati, utilizzati e rimanenti contengono formule dinamiche: non sovrascrivere mai con numeri fissi.
B17: 👨‍👩‍👧 Famiglie | C17: Registro aggregato trasparente e situazione contabile per i genitori | D17: • Consultare il riepilogo contabile completo di ogni nucleo familiare • Verificare lo stato di ricezione dell'avviso di pagamento ('Inviato') • Esportare elenchi e prospetti per colloqui o rendiconti amministrativi • Verificare la correttezza dell'indirizzo email notifica registrato | E17: 1. Accedere alla scheda per consultazioni rapide senza rischio di modifiche operative. 2. Filtrare o ordinare per ID Alunno, Cognome o Status biglietti. 3. Riferirsi alla colonna 'Totale biglietti rimanenti' per comunicare il saldo ai genitori. | F17: 🔒 Foglio dedicato alla consultazione e verifica. I valori provengono dall'anagrafica 'Alunni' in modalità protetta.
B18: 💳 Log Ricariche | C18: Registro contabile cronologico di tutti i versamenti e bonifici ricevuti | D18: • Accreditare nuovi pacchetti di buoni pasto agli studenti • Registrare la data esatta del pagamento e l'ID del beneficiario • Tracciare il codice CRO/Riferimento Bonifico bancario • Inserire il collegamento ipertestuale alla ricevuta salvata su Google Drive • Tracciare l'operatore di segreteria autore della registrazione | E18: 1. Verificare l'accredito sul conto scolastico o la ricevuta consegnata dal genitore. 2. Posizionarsi sulla prima riga libera di 'Log Ricariche'. 3. Inserire Data Ricarica (AAAA-MM-GG o GG/MM/AAAA) e l'ID Alunno corretto. 4. Indicare il numero di buoni acquistati (es. 30, 50, 80) e i dati anagrafici. 5. Inserire il codice bonifico, l'eventuale URL del file Drive e il nome operatore. | F18: ✅ L'ID Alunno deve coincidere esattamente con quello registrato in 'Alunni', altrimenti il saldo dell'alunno non verrà incrementato.
B19: 🍽️ Log Utilizzi | C19: Registro storico e analitico di ogni singolo buono pasto fruito | D19: • Conservare lo storico completo di tutti i pasti serviti a mensa • Tracciare data, studente fruitore, classe/sezione e numero buoni usati • Annotare specifiche sul pasto (es. pasto speciale servito o recupero) • Registrare manualmente utilizzi straordinari o correzioni | E19: 1. REGISTRAZIONE AUTOMATICA: Ogni pressione del pulsante pasto in 'Alunni' aggiunge in tempo reale una riga con data, ID e nominativo. 2. INSERIMENTO MANUALE: Se occorre registrare un pasto a posteriori, inserire una nuova riga con Data Utilizzo, ID Alunno, Buoni Usati (di norma 1), Nome, Cognome, Classe e Note. | F19: 📌 Ogni buono registrato in questo foglio aumenta il totale dei pasti consumati e decrementa automaticamente i biglietti residui.
B20: 📦 Ordine Mensa | C20: Modulo di approvvigionamento pasti e trasmissione ordine al fornitore | D20: • Definire il mese e l'anno di competenza del servizio ristorazione • Quantificare e consolidare il fabbisogno complessivo dei pasti • Specificare prescrizioni per celiachia, allergie alimentari e diete etico-religiose • Monitorare lo 'Stato Ordine' ('In attesa' / 'Inviato') e la 'Data Invio Ordine' • Inviare l'ordine formale via email direttamente alla ditta di catering | E20: 1. Selezionare o digitare il Mese di Riferimento (cella B5) e l'Anno (cella B6). 2. Verificare il Numero Pasti Richiesti calcolati in cella B7. 3. Compilare le 'Note aggiuntive per il fornitore' (cella B12) dettagliando le diete speciali. 4. Controllare l'email del fornitore in B8 e avviare la procedura di invio ordine. | F20: ✉️ Il testo della mail viene composto automaticamente dal template in 'Impostazioni' sostituendo i campi dinamici [PASTI], [MESE] e [ANNO].
B21: ⚙️ Impostazioni | C21: Pannello parametri globali, soglie di allerta e template comunicazioni | D21: • Impostare la 'Soglia Minima' di buoni sotto cui scatta l'avviso di credito • Attivare la 'Test Mode' (ON/OFF) per collaudare le email in sicurezza • Configurare l'indirizzo 'Email Test' a cui recapitare le notifiche di prova • Personalizzare oggetti e testi per le email di avviso, pasto usato e ordine fornitore • Impostare l'indirizzo istituzionale 'Email Fornitore' | E21: 1. SOGLIA MINIMA (B1): Inserire il numero di buoni residui (es. 5) che attiva l'allerta 'Inviare Avviso'. 2. TEST MODE (B2): Impostare 'ON' durante le prove per non inviare mail ai genitori. Mettere 'OFF' per l'uso ordinario. 3. EMAIL TEST (B3): Digitare la propria email aziendale/scolastica per ricevere le prove. 4. TEMPLATE EMAIL (B4:B7): Modificare i messaggi mantenendo i tag tra parentesi quadre: [ID], [NOME], [COGNOME], [BIGLIETTI], [RIMANENTI], [PASTI], [MESE], [ANNO]. | F21: ⚠️ Non modificare le diciture in Colonna A. Prestare la massima attenzione a non cancellare i tag dinamici [TAG] all'interno dei testi email.
B23: 3. DOMANDE FREQUENTI & PROCEDURE OPERATIVE RAPIDE (HOW-TO)
B24: Scenario / Situazione Operativa | C24: Scheda di Riferimento | D24: Procedura Corretta Passo-Passo | E24: Cosa Evitare Assolutamente | F24: Regola d'Oro
B25: Come registrare un nuovo alunno che entra a mensa? | C25: Alunni | D25: Aprire 'Alunni', scorrere fino alla prima riga vuota, inserire Nome, Cognome, Data Nascita, generare un ID univoco a 7 cifre ed inserire l'email del genitore. | E25: Non sovrascrivere righe di altri alunni e non lasciare il campo ID vuoto. | F25: L'ID Alunno è il legame fondamentale per ricariche e consumi.
B26: Un genitore ha fatto un bonifico ma il saldo non sale | C26: Log Ricariche | D26: Verificare che la ricarica sia stata inserita in 'Log Ricariche' e che l'ID Alunno digitato coincida perfettamente con l'ID della scheda 'Alunni'. | E26: Non digitare direttamente l'importo nella colonna 'Biglietti acquistati' di 'Alunni'. | F26: Se l'ID coincide, il calcolo della formula SUMIF è automatico e istantaneo.
B27: Come scalare il buono a un alunno presente a mensa? | C27: Alunni | D27: Cercare l'alunno nella scheda 'Alunni' e cliccare sul pulsante 'Utilizza Biglietto mensa' in colonna G. L'operazione scalerà 1 buono e scriverà in 'Log Utilizzi'. | E27: Non scalare manualmente il totale nella colonna H. | F27: Controllare periodicamente che i pasti registrati coincidano con le presenze fisiche.
B28: Come sollecitare una famiglia con credito in esaurimento? | C28: Alunni / Dashboard | D28: Dalla Dashboard individuare gli alunni in stato 'Inviare Avviso'. In 'Alunni' cliccare sul pulsante 'Avvisa manualmente' in colonna L per spedire l'email. | E28: Non inviare email con Test Mode su ON se si intende recapitarla davvero al genitore. | F28: Prima di inviare all'inizio dell'anno scolastico, testare sempre con Test Mode 'ON'.
B29: Come gestire alunni con intolleranze alimentari o diete speciali? | C29: Alunni / Ordine Mensa | D29: Specificare l'allergia nella colonna 'Note' di 'Alunni' (es. Allergia a lattosio/glutine) e riassumere le diete nelle 'Note aggiuntive per il fornitore' in 'Ordine Mensa'. | E29: Non omettere le segnalazioni mediche nell'ordine mensile trasmesso al catering. | F29: La sicurezza alimentare degli studenti ha la massima priorità.
B31: 💡 Consiglio Operativo: Eseguire periodicamente una verifica incrociata tra 'Dashboard' e 'Alunni'. Per assistenza tecnica o anomalie di calcolo, verificare che nessun operatore abbia incollato valori statici sopra le formule evidenziate.

Sheet Inserimento Famiglie
B1: 🍔 GESTIONE MENSA - INSERIMENTO NUOVE FAMIGLIE E ASSEGNAZIONE ID
B2: Modulo anagrafico per la registrazione guidata di nuove famiglie con garanzia di ID univoco anticollisione
B4: PROSSIMO ID DISPONIBILE | D4: FAMIGLIE / ALUNNI ATTIVI | F4: ID STORICO PROTETTO
B5: =Impostazioni!B10 -> 6524941 | D5: =COUNTA(Alunni!B2:B51) -> 5 | F5: =Impostazioni!B9 -> 6524940
B7: 📝 SCHEDA INSERIMENTO NUOVA FAMIGLIA | E7: ⚙️ PROCEDURA OPERATIVA E AUTOMAZIONI
B8: Campo Anagrafico | C8: Valore da Inserire | E8: Passo | F8: Istruzioni Dettagliate
B9: ID Univoco Generato | C9: =Impostazioni!B10 -> 6524941 | E9: 1. Verifica ID | F9: L'ID viene calcolato automaticamente dal registro storico. Nessun ID verrà mai duplicato anche in caso di cancellazioni.
B10: Nome Alunno | E10: 2. Inserimento in 'Alunni' | F10: Inserisci Nome, Cognome, Data nascita e ID nella prima riga vuota di 'Alunni' (ed Email nella colonna K).
B11: Cognome Alunno | E11: 3. Scheda 'Famiglie' | F11: La scheda 'Famiglie' si aggancia in automatico all'ID senza necessità di formule manuali.
B12: Data di Nascita (gg/mm/aaaa) | E12: 4. Registra Ricarica | F12: Se è stato effettuato un bonifico, inserisci la ricarica in 'Log Ricariche' con l'ID assegnato.
B13: Email Notifica Genitore | E13: 5. Controllo Dashboard | F13: Il saldo biglietti e lo status (Inviare Avviso / Sufficienti) si allineano in tempo reale sulla Dashboard.
B14: Classe / Sezione
B15: Note / Allergie / Intolleranze
B16: Biglietti Iniziali Acquistati
B17: Riferimento Ricevuta Bonifico
B18: FALSE
B19: CONFERMA E REGISTRA FAMIGLIA
B20: 📋 RIEPILOGO ALUNNI E FAMIGLIE REGISTRATE NEL SISTEMA
B21: ID Alunno | C21: Nome | D21: Cognome | E21: Biglietti Rimanenti | F21: Status Biglietti | G21: Email Notifica | H21: Avviso
B22: =IF(Alunni!E2="","",Alunni!E2) -> 6524939 | C22: =IF(Alunni!B2="","",Alunni!B2) -> Mario | D22: =IF(Alunni!C2="","",Alunni!C2) -> Rossi | E22: =IF(Alunni!I2="","",Alunni!I2) -> 3 | F22: =IF(Alunni!J2="","",Alunni!J2) -> Inviare Avviso | G22: =IF(Alunni!K2="","",Alunni!K2) -> gianpiero.torrisi@gmail.com | H22: =IF(Alunni!L2="","",Alunni!L2) -> Inviato
B23: =IF(Alunni!E3="","",Alunni!E3) -> 3848055 | C23: =IF(Alunni!B3="","",Alunni!B3) -> Bianca | D23: =IF(Alunni!C3="","",Alunni!C3) -> Bianchi | E23: =IF(Alunni!I3="","",Alunni!I3) -> 6 | F23: =IF(Alunni!J3="","",Alunni!J3) -> Sufficienti | G23: =IF(Alunni!K3="","",Alunni!K3) -> email@email.com | H23: =IF(Alunni!L3="","",Alunni!L3)
B24: =IF(Alunni!E4="","",Alunni!E4) -> 5969695 | C24: =IF(Alunni!B4="","",Alunni!B4) -> Ciccio | D24: =IF(Alunni!C4="","",Alunni!C4) -> Pasticcio | E24: =IF(Alunni!I4="","",Alunni!I4) -> 75 | F24: =IF(Alunni!J4="","",Alunni!J4) -> Sufficienti | G24: =IF(Alunni!K4="","",Alunni!K4) -> email@email.com | H24: =IF(Alunni!L4="","",Alunni!L4)
B25: =IF(Alunni!E5="","",Alunni!E5) -> 1654165 | C25: =IF(Alunni!B5="","",Alunni!B5) -> Pinco | D25: =IF(Alunni!C5="","",Alunni!C5) -> Pallo | E25: =IF(Alunni!I5="","",Alunni!I5) -> 4 | F25: =IF(Alunni!J5="","",Alunni!J5) -> Inviare Avviso | G25: =IF(Alunni!K5="","",Alunni!K5) -> faroclaudio@gmail.com | H25: =IF(Alunni!L5="","",Alunni!L5)
B26: =IF(Alunni!E6="","",Alunni!E6) -> 6524940 | C26: =IF(Alunni!B6="","",Alunni!B6) -> tizio | D26: =IF(Alunni!C6="","",Alunni!C6) -> caio | E26: =IF(Alunni!I6="","",Alunni!I6) -> 10 | F26: =IF(Alunni!J6="","",Alunni!J6) -> Sufficienti | G26: =IF(Alunni!K6="","",Alunni!K6) -> faroclaudio@gmail.com | H26: =IF(Alunni!L6="","",Alunni!L6)
B27: =IF(Alunni!E7="","",Alunni!E7) | C27: =IF(Alunni!B7="","",Alunni!B7) | D27: =IF(Alunni!C7="","",Alunni!C7) | E27: =IF(Alunni!I7="","",Alunni!I7) | F27: =IF(Alunni!J7="","",Alunni!J7) | G27: =IF(Alunni!K7="","",Alunni!K7) | H27: =IF(Alunni!L7="","",Alunni!L7)
B28: =IF(Alunni!E8="","",Alunni!E8) | C28: =IF(Alunni!B8="","",Alunni!B8) | D28: =IF(Alunni!C8="","",Alunni!C8) | E28: =IF(Alunni!I8="","",Alunni!I8) | F28: =IF(Alunni!J8="","",Alunni!J8) | G28: =IF(Alunni!K8="","",Alunni!K8) | H28: =IF(Alunni!L8="","",Alunni!L8)
B29: =IF(Alunni!E9="","",Alunni!E9) | C29: =IF(Alunni!B9="","",Alunni!B9) | D29: =IF(Alunni!C9="","",Alunni!C9) | E29: =IF(Alunni!I9="","",Alunni!I9) | F29: =IF(Alunni!J9="","",Alunni!J9) | G29: =IF(Alunni!K9="","",Alunni!K9) | H29: =IF(Alunni!L9="","",Alunni!L9)
